
INSERT INTO COMPANY VALUES('CMP0001', 'Pegasus Hava Yolları');
INSERT INTO COMPANY VALUES('CMP0002', 'Türk Hava Yolları');
INSERT INTO COMPANY VALUES('CMP0003', 'Sunexpress A.Ş');
INSERT INTO COMPANY VALUES('CMP0004', 'Anadolu Jet Hava Yolları A.Ş');
INSERT INTO COMPANY VALUES('CMP0005', 'The Boeing Company');
INSERT INTO COMPANY VALUES('CMP0006', 'Airbus SE');
INSERT INTO COMPANY VALUES('CMP0007', 'Onur Havayolları Taşımacılık A.Ş.');

INSERT INTO AIRLINE VALUES('PEGASUS', 'CMP0001');
INSERT INTO AIRLINE VALUES('THY', 'CMP0002');
INSERT INTO AIRLINE VALUES('SUNEXPRESS', 'CMP0003');
INSERT INTO AIRLINE VALUES('ANADOLUJET', 'CMP0004');
INSERT INTO AIRLINE VALUES('ONURAIR', 'CMP0007');
 
--  AIRBUS UÇAKLARI
INSERT INTO AIRPLANE_TYPE VALUES('AIRBUS A330', 'CMP0006', 300);
INSERT INTO AIRPLANE_TYPE VALUES('AIRBUS A340', 'CMP0006', 239);
INSERT INTO AIRPLANE_TYPE VALUES('AIRBUS A321', 'CMP0006', 185);
INSERT INTO AIRPLANE_TYPE VALUES('AIRBUS A320', 'CMP0006', 186);
INSERT INTO AIRPLANE_TYPE VALUES('AIRBUS A310', 'CMP0006', 187);
-- BOEING UÇAKLARI
INSERT INTO AIRPLANE_TYPE VALUES('BOEING 737', 'CMP0005', 215);
INSERT INTO AIRPLANE_TYPE VALUES('BOEING 747', 'CMP0005', 467);
INSERT INTO AIRPLANE_TYPE VALUES('BOEING 767', 'CMP0005', 375);
INSERT INTO AIRPLANE_TYPE VALUES('BOEING 777', 'CMP0005', 301);
INSERT INTO AIRPLANE_TYPE VALUES('BOEING 787', 'CMP0005', 330);

-- test uçakları bu uçak tipi hiç bir havalimanına inemiyor
INSERT INTO AIRPLANE_TYPE VALUES('BOEING 999', 'CMP0005', 999);
INSERT INTO AIRPLANE VALUES('APL000999', 999, 'BOEING 999',  'THY');


-- 'BOEING 737' type ında üretilen uçaklar
INSERT INTO AIRPLANE VALUES('APL000001', 215, 'BOEING 737',  'THY');
INSERT INTO AIRPLANE VALUES('APL000002', 215, 'BOEING 737',  'PEGASUS');
INSERT INTO AIRPLANE VALUES('APL000003', 215, 'BOEING 737',  'SUNEXPRESS');
INSERT INTO AIRPLANE VALUES('APL000004', 215, 'BOEING 737',  'ANADOLUJET');
INSERT INTO AIRPLANE VALUES('APL000005', 215, 'BOEING 737',  'THY');
INSERT INTO AIRPLANE VALUES('APL000006', 215, 'BOEING 737',  'PEGASUS');
-- 'BOEING 747' type ında üretilen uçaklar
INSERT INTO AIRPLANE VALUES('APL000007', 467, 'BOEING 747',  'PEGASUS');
INSERT INTO AIRPLANE VALUES('APL000008', 467, 'BOEING 747',  'SUNEXPRESS');
INSERT INTO AIRPLANE VALUES('APL000009', 467, 'BOEING 747',  'THY');
INSERT INTO AIRPLANE VALUES('APL000010', 467, 'BOEING 747',  'SUNEXPRESS');
INSERT INTO AIRPLANE VALUES('APL000011', 467, 'BOEING 747',  'ANADOLUJET');
-- 'BOEING 767' type ında üretilen uçaklar
INSERT INTO AIRPLANE VALUES('APL000012', 375, 'BOEING 767',  'PEGASUS');
INSERT INTO AIRPLANE VALUES('APL000013', 375, 'BOEING 767',  'SUNEXPRESS');
INSERT INTO AIRPLANE VALUES('APL000014', 375, 'BOEING 767',  'THY');
-- 'BOEING 777' type ında üretilen uçaklar
INSERT INTO AIRPLANE VALUES('APL000015', 301, 'BOEING 777',  'PEGASUS');
INSERT INTO AIRPLANE VALUES('APL000016', 301, 'BOEING 777',  'THY');
INSERT INTO AIRPLANE VALUES('APL000017', 301, 'BOEING 777',  'ANADOLUJET');
INSERT INTO AIRPLANE VALUES('APL000018', 301, 'BOEING 777',  'SUNEXPRESS');
INSERT INTO AIRPLANE VALUES('APL000019', 301, 'BOEING 777',  'ONURAIR');
-- 'BOEING 787' type ında üretilen uçaklar
INSERT INTO AIRPLANE VALUES('APL000020', 330, 'BOEING 787',  'PEGASUS');
INSERT INTO AIRPLANE VALUES('APL000021', 330, 'BOEING 787',  'THY');
INSERT INTO AIRPLANE VALUES('APL000022', 330, 'BOEING 787',  'ANADOLUJET');
INSERT INTO AIRPLANE VALUES('APL000023', 330, 'BOEING 787',  'SUNEXPRESS');
INSERT INTO AIRPLANE VALUES('APL000024', 330, 'BOEING 787',  'ONURAIR');

-- 'AIRBUS 330' type ında üretilen uçaklar
INSERT INTO AIRPLANE VALUES('APL000025', 300, 'AIRBUS A330',  'PEGASUS');
INSERT INTO AIRPLANE VALUES('APL000026', 300, 'AIRBUS A330',  'THY');
INSERT INTO AIRPLANE VALUES('APL000027', 300, 'AIRBUS A330',  'SUNEXPRESS');
INSERT INTO AIRPLANE VALUES('APL000028', 300, 'AIRBUS A330',  'ANADOLUJET');
INSERT INTO AIRPLANE VALUES('APL000029', 300, 'AIRBUS A330',  'ONURAIR');
INSERT INTO AIRPLANE VALUES('APL000030', 300, 'AIRBUS A330',  'PEGASUS');
-- 'AIRBUS A340' type ında üretilen uçaklar
INSERT INTO AIRPLANE VALUES('APL000031', 239, 'AIRBUS A340',  'PEGASUS');
INSERT INTO AIRPLANE VALUES('APL000032', 239, 'AIRBUS A340',  'THY');
INSERT INTO AIRPLANE VALUES('APL000033', 239, 'AIRBUS A340',  'SUNEXPRESS');
INSERT INTO AIRPLANE VALUES('APL000034', 239, 'AIRBUS A340',  'ANADOLUJET');
INSERT INTO AIRPLANE VALUES('APL000035', 239, 'AIRBUS A340',  'ONURAIR');
INSERT INTO AIRPLANE VALUES('APL000036', 239, 'AIRBUS A340',  'PEGASUS');
-- 'AIRBUS A321' type ında üretilen uçaklar
INSERT INTO AIRPLANE VALUES('APL000037', 185, 'AIRBUS A321',  'PEGASUS');
INSERT INTO AIRPLANE VALUES('APL000038', 185, 'AIRBUS A321',  'THY');
INSERT INTO AIRPLANE VALUES('APL000039', 185, 'AIRBUS A321',  'SUNEXPRESS');
INSERT INTO AIRPLANE VALUES('APL000040', 185, 'AIRBUS A321',  'ANADOLUJET');
INSERT INTO AIRPLANE VALUES('APL000041', 185, 'AIRBUS A321',  'ONURAIR');
INSERT INTO AIRPLANE VALUES('APL000042', 185, 'AIRBUS A321',  'PEGASUS');
-- 'AIRBUS A320' type ında üretilen uçaklar
INSERT INTO AIRPLANE VALUES('APL000043', 186, 'AIRBUS A320',  'PEGASUS');
INSERT INTO AIRPLANE VALUES('APL000044', 186, 'AIRBUS A320',  'THY');
INSERT INTO AIRPLANE VALUES('APL000045', 186, 'AIRBUS A320',  'SUNEXPRESS');
INSERT INTO AIRPLANE VALUES('APL000046', 186, 'AIRBUS A320',  'ANADOLUJET');
INSERT INTO AIRPLANE VALUES('APL000047', 186, 'AIRBUS A320',  'ONURAIR');
INSERT INTO AIRPLANE VALUES('APL000048', 186, 'AIRBUS A320',  'PEGASUS');
-- 'AIRBUS A310' type ında üretilen uçaklar
INSERT INTO AIRPLANE VALUES('APL000049', 187, 'AIRBUS A310',  'PEGASUS');
INSERT INTO AIRPLANE VALUES('APL000050', 187, 'AIRBUS A310',  'THY');
INSERT INTO AIRPLANE VALUES('APL000051', 187, 'AIRBUS A310',  'SUNEXPRESS');
INSERT INTO AIRPLANE VALUES('APL000052', 187, 'AIRBUS A310',  'ANADOLUJET');
INSERT INTO AIRPLANE VALUES('APL000053', 187, 'AIRBUS A310',  'ONURAIR');
INSERT INTO AIRPLANE VALUES('APL000054', 187, 'AIRBUS A310',  'PEGASUS');
 
-- -----------------------------------------------------------------------

INSERT INTO AIRPORT VALUES('ADA/LTAF', 'Şakirpaşa Havalimanı', 'Adana', 'Adana');
INSERT INTO AIRPORT VALUES('ESB/LTAC', 'Ankara Esenboğa Havalimanı', 'Ankara', 'Ankara');
INSERT INTO AIRPORT VALUES('AYT/LTAI', 'Antalya Havalimanı', 'Antalya', 'Antalya');
INSERT INTO AIRPORT VALUES('GZP/LTFG', 'Gazipaşa Havalimanı', 'Antalya', 'Antalya');
INSERT INTO AIRPORT VALUES('EDO/LTFD', 'Balıkesir Koca Seyit Havalimanı', 'Balıkesir', 'Balıkesir');
INSERT INTO AIRPORT VALUES('YEI/LTBR', 'Bursa Yenişehir Havalimanı', 'Bursa', 'Bursa');
INSERT INTO AIRPORT VALUES('CKZ/LTBH', 'Çanakkale Havalimanı', 'Çanakkale', 'Çanakkale');
INSERT INTO AIRPORT VALUES('DNZ/LTAY', 'Denizli Çardak Havalimanı', 'Denizli', 'Denizli');
INSERT INTO AIRPORT VALUES('DIY/LTCC', 'Diyarbakır Havalimanı', 'Diyarbakır', 'Diyarbakır');
INSERT INTO AIRPORT VALUES('EZS/LTCA', 'Elazığ Havalimanı', 'Elazığ', 'Elazığ');
INSERT INTO AIRPORT VALUES('ERZ/LTCE', 'Erzurum Havalimanı', 'Erzurum', 'Erzurum');
INSERT INTO AIRPORT VALUES('AOE/LTBY', 'Hasan Polatkan Havalimanı', 'Eskişehir', 'Eskişehir');
INSERT INTO AIRPORT VALUES('GZT/LTAJ', 'Gaziantep Havalimanı', 'Gaziantep', 'Gaziantep');
INSERT INTO AIRPORT VALUES('HTY/LTDA', 'Hatay Havalimanı', 'Hatay', 'Hatay');
INSERT INTO AIRPORT VALUES('ISE/LTFC', 'Isparta Süleyman Demirel Havalimanı', 'Isparta', 'Isparta');
INSERT INTO AIRPORT VALUES('ISL/LTBA', 'Atatürk Havalimanı', 'İstanbul', 'İstanbul');
INSERT INTO AIRPORT VALUES('IST/LTFM', 'İstanbul Havalimanı', 'İstanbul', 'İstanbul');
INSERT INTO AIRPORT VALUES('SAW/LTFJ', 'Sabiha Gökçen Havalimanı', 'İstanbul', 'İstanbul');
INSERT INTO AIRPORT VALUES('ADB/LTBJ', 'Adnan Menderes Havalimanı', 'İzmir', 'İzmir');
INSERT INTO AIRPORT VALUES('KSY/LTCF', 'Kars Harakani Havalimanı', 'Kars', 'Kars');
INSERT INTO AIRPORT VALUES('ASR/LTAU', 'Erkilet Havalimanı', 'Kayseri', 'Kayseri');
INSERT INTO AIRPORT VALUES('KCO/LTBQ', 'Cengiz Topel Havalimanı', 'Kocaeli', 'Kocaeli');
INSERT INTO AIRPORT VALUES('KYA/LTAN', 'Konya Havalimanı', 'Konya', 'Konya');
INSERT INTO AIRPORT VALUES('KZR/LTBZ', 'Zafer Havalimanı', 'Kütahya', 'Kütahya');
INSERT INTO AIRPORT VALUES('MLX/LTAT', 'Malatya Havalimanı', 'Malatya', 'Malatya');
INSERT INTO AIRPORT VALUES('DLM/LTBS', 'Dalaman Havalimanı', 'Muğla', 'Muğla');
INSERT INTO AIRPORT VALUES('BJV/LTFE', 'Milas-Bodrum Havalimanı', 'Muğla', 'Muğla');
INSERT INTO AIRPORT VALUES('NAV/LTAZ', 'Nevşehir Kapadokya Havalimanı', 'Nevşehir', 'Nevşehir');
INSERT INTO AIRPORT VALUES('OGU/LTCB', 'Ordu-Giresun Havalimanı', 'Ordu-Giresun', 'Ordu-Giresun');
INSERT INTO AIRPORT VALUES('SZF/LTFH', 'Samsun Çarşamba Havalimanı', 'Samsun', 'Samsun');
INSERT INTO AIRPORT VALUES('NOP/LTCM', 'Sinop Havalimanı', 'Sinop', 'Sinop');
INSERT INTO AIRPORT VALUES('VAS/LTAR', 'Sivas Nuri Demirağ Havalimanı', 'Sivas', 'Sivas');
INSERT INTO AIRPORT VALUES('GNY/LTCS', 'Şanlıurfa GAP Havalimanı', 'Şanlıurfa', 'Şanlıurfa');
INSERT INTO AIRPORT VALUES('TEQ/LTBU', 'Tekirdağ Çorlu Havalimanı', 'Tekirdağ', 'Tekirdağ');
INSERT INTO AIRPORT VALUES('TZX/LTCG', 'Trabzon Havalimanı', 'Trabzon', 'Trabzon');
INSERT INTO AIRPORT VALUES('USQ/LTBO', 'Uşak Havalimanı', 'Uşak', 'Uşak');
INSERT INTO AIRPORT VALUES('VAN/LTCI', 'Van Ferit Melen Havalimanı', 'Van', 'Van');
INSERT INTO AIRPORT VALUES('ONQ/LTAS', 'Zonguldak Havalimanı', 'Zonguldak', 'Zonguldak');

INSERT INTO CAN_LAND VALUES('AIRBUS A330', 'ISL/LTBA');
INSERT INTO CAN_LAND VALUES('AIRBUS A330', 'IST/LTFM');
INSERT INTO CAN_LAND VALUES('AIRBUS A330', 'SAW/LTFJ');
INSERT INTO CAN_LAND VALUES('AIRBUS A330', 'ADB/LTBJ');
INSERT INTO CAN_LAND VALUES('AIRBUS A330', 'ESB/LTAC');
INSERT INTO CAN_LAND VALUES('AIRBUS A330', 'ADA/LTAF');
INSERT INTO CAN_LAND VALUES('AIRBUS A330', 'AYT/LTAI');
INSERT INTO CAN_LAND VALUES('AIRBUS A330', 'GZP/LTFG');
INSERT INTO CAN_LAND VALUES('AIRBUS A330', 'EDO/LTFD');
INSERT INTO CAN_LAND VALUES('AIRBUS A330', 'YEI/LTBR');
INSERT INTO CAN_LAND VALUES('AIRBUS A330', 'CKZ/LTBH');
INSERT INTO CAN_LAND VALUES('AIRBUS A330', 'DNZ/LTAY');
INSERT INTO CAN_LAND VALUES('AIRBUS A330', 'DIY/LTCC');
INSERT INTO CAN_LAND VALUES('AIRBUS A330', 'EZS/LTCA');
INSERT INTO CAN_LAND VALUES('AIRBUS A330', 'ERZ/LTCE');
INSERT INTO CAN_LAND VALUES('AIRBUS A330', 'AOE/LTBY');
INSERT INTO CAN_LAND VALUES('AIRBUS A330', 'GZT/LTAJ');
INSERT INTO CAN_LAND VALUES('AIRBUS A330', 'HTY/LTDA');
INSERT INTO CAN_LAND VALUES('AIRBUS A330', 'ISE/LTFC');
INSERT INTO CAN_LAND VALUES('AIRBUS A330', 'KSY/LTCF');

INSERT INTO CAN_LAND VALUES('AIRBUS A340', 'ISL/LTBA');
INSERT INTO CAN_LAND VALUES('AIRBUS A340', 'IST/LTFM');
INSERT INTO CAN_LAND VALUES('AIRBUS A340', 'SAW/LTFJ');
INSERT INTO CAN_LAND VALUES('AIRBUS A340', 'ADB/LTBJ');
INSERT INTO CAN_LAND VALUES('AIRBUS A340', 'ESB/LTAC');
INSERT INTO CAN_LAND VALUES('AIRBUS A340', 'EZS/LTCA');
INSERT INTO CAN_LAND VALUES('AIRBUS A340', 'ERZ/LTCE');
INSERT INTO CAN_LAND VALUES('AIRBUS A340', 'AOE/LTBY');
INSERT INTO CAN_LAND VALUES('AIRBUS A340', 'GZT/LTAJ');
INSERT INTO CAN_LAND VALUES('AIRBUS A340', 'HTY/LTDA');
INSERT INTO CAN_LAND VALUES('AIRBUS A340', 'ISE/LTFC');
INSERT INTO CAN_LAND VALUES('AIRBUS A340', 'KSY/LTCF');
INSERT INTO CAN_LAND VALUES('AIRBUS A340', 'OGU/LTCB');
INSERT INTO CAN_LAND VALUES('AIRBUS A340', 'SZF/LTFH');
INSERT INTO CAN_LAND VALUES('AIRBUS A340', 'NOP/LTCM');
INSERT INTO CAN_LAND VALUES('AIRBUS A340', 'VAS/LTAR');
INSERT INTO CAN_LAND VALUES('AIRBUS A340', 'GNY/LTCS');
INSERT INTO CAN_LAND VALUES('AIRBUS A340', 'TEQ/LTBU');
INSERT INTO CAN_LAND VALUES('AIRBUS A340', 'TZX/LTCG');
INSERT INTO CAN_LAND VALUES('AIRBUS A340', 'USQ/LTBO');
INSERT INTO CAN_LAND VALUES('AIRBUS A340', 'VAN/LTCI');
INSERT INTO CAN_LAND VALUES('AIRBUS A340', 'ONQ/LTAS');

INSERT INTO CAN_LAND VALUES('AIRBUS A321', 'ISL/LTBA');
INSERT INTO CAN_LAND VALUES('AIRBUS A321', 'IST/LTFM');
INSERT INTO CAN_LAND VALUES('AIRBUS A321', 'SAW/LTFJ');
INSERT INTO CAN_LAND VALUES('AIRBUS A321', 'ADB/LTBJ');
INSERT INTO CAN_LAND VALUES('AIRBUS A321', 'ESB/LTAC');
INSERT INTO CAN_LAND VALUES('AIRBUS A321', 'AYT/LTAI');
INSERT INTO CAN_LAND VALUES('AIRBUS A321', 'GZP/LTFG');
INSERT INTO CAN_LAND VALUES('AIRBUS A321', 'EDO/LTFD');
INSERT INTO CAN_LAND VALUES('AIRBUS A321', 'YEI/LTBR');
INSERT INTO CAN_LAND VALUES('AIRBUS A321', 'CKZ/LTBH');
INSERT INTO CAN_LAND VALUES('AIRBUS A321', 'DNZ/LTAY');
INSERT INTO CAN_LAND VALUES('AIRBUS A321', 'DIY/LTCC');
INSERT INTO CAN_LAND VALUES('AIRBUS A321', 'EZS/LTCA');
INSERT INTO CAN_LAND VALUES('AIRBUS A321', 'ERZ/LTCE');
INSERT INTO CAN_LAND VALUES('AIRBUS A321', 'AOE/LTBY');
INSERT INTO CAN_LAND VALUES('AIRBUS A321', 'GZT/LTAJ');
INSERT INTO CAN_LAND VALUES('AIRBUS A321', 'HTY/LTDA');
INSERT INTO CAN_LAND VALUES('AIRBUS A321', 'ISE/LTFC');
INSERT INTO CAN_LAND VALUES('AIRBUS A321', 'KSY/LTCF');

INSERT INTO CAN_LAND VALUES('AIRBUS A320', 'ISL/LTBA');
INSERT INTO CAN_LAND VALUES('AIRBUS A320', 'IST/LTFM');
INSERT INTO CAN_LAND VALUES('AIRBUS A320', 'SAW/LTFJ');
INSERT INTO CAN_LAND VALUES('AIRBUS A320', 'ADB/LTBJ');
INSERT INTO CAN_LAND VALUES('AIRBUS A320', 'ESB/LTAC');
INSERT INTO CAN_LAND VALUES('AIRBUS A320', 'ASR/LTAU');
INSERT INTO CAN_LAND VALUES('AIRBUS A320', 'KCO/LTBQ');
INSERT INTO CAN_LAND VALUES('AIRBUS A320', 'KYA/LTAN');
INSERT INTO CAN_LAND VALUES('AIRBUS A320', 'KZR/LTBZ');
INSERT INTO CAN_LAND VALUES('AIRBUS A320', 'MLX/LTAT');
INSERT INTO CAN_LAND VALUES('AIRBUS A320', 'DLM/LTBS');
INSERT INTO CAN_LAND VALUES('AIRBUS A320', 'BJV/LTFE');
INSERT INTO CAN_LAND VALUES('AIRBUS A320', 'NAV/LTAZ');
INSERT INTO CAN_LAND VALUES('AIRBUS A320', 'OGU/LTCB');
INSERT INTO CAN_LAND VALUES('AIRBUS A320', 'SZF/LTFH');
INSERT INTO CAN_LAND VALUES('AIRBUS A320', 'NOP/LTCM');
INSERT INTO CAN_LAND VALUES('AIRBUS A320', 'VAS/LTAR');
INSERT INTO CAN_LAND VALUES('AIRBUS A320', 'GNY/LTCS');
INSERT INTO CAN_LAND VALUES('AIRBUS A320', 'TEQ/LTBU');
INSERT INTO CAN_LAND VALUES('AIRBUS A320', 'TZX/LTCG');
INSERT INTO CAN_LAND VALUES('AIRBUS A320', 'USQ/LTBO');
INSERT INTO CAN_LAND VALUES('AIRBUS A320', 'VAN/LTCI');
INSERT INTO CAN_LAND VALUES('AIRBUS A320', 'ONQ/LTAS');

INSERT INTO CAN_LAND VALUES('AIRBUS A310', 'ISL/LTBA');
INSERT INTO CAN_LAND VALUES('AIRBUS A310', 'IST/LTFM');
INSERT INTO CAN_LAND VALUES('AIRBUS A310', 'SAW/LTFJ');
INSERT INTO CAN_LAND VALUES('AIRBUS A310', 'ADB/LTBJ');
INSERT INTO CAN_LAND VALUES('AIRBUS A310', 'ESB/LTAC');
INSERT INTO CAN_LAND VALUES('AIRBUS A310', 'ASR/LTAU');
INSERT INTO CAN_LAND VALUES('AIRBUS A310', 'KCO/LTBQ');
INSERT INTO CAN_LAND VALUES('AIRBUS A310', 'KYA/LTAN');
INSERT INTO CAN_LAND VALUES('AIRBUS A310', 'KZR/LTBZ');
INSERT INTO CAN_LAND VALUES('AIRBUS A310', 'MLX/LTAT');
INSERT INTO CAN_LAND VALUES('AIRBUS A310', 'DLM/LTBS');
INSERT INTO CAN_LAND VALUES('AIRBUS A310', 'BJV/LTFE');
INSERT INTO CAN_LAND VALUES('AIRBUS A310', 'NAV/LTAZ');
INSERT INTO CAN_LAND VALUES('AIRBUS A310', 'OGU/LTCB');
INSERT INTO CAN_LAND VALUES('AIRBUS A310', 'SZF/LTFH');
INSERT INTO CAN_LAND VALUES('AIRBUS A310', 'NOP/LTCM');
INSERT INTO CAN_LAND VALUES('AIRBUS A310', 'VAS/LTAR');
INSERT INTO CAN_LAND VALUES('AIRBUS A310', 'GNY/LTCS');
INSERT INTO CAN_LAND VALUES('AIRBUS A310', 'TEQ/LTBU');
INSERT INTO CAN_LAND VALUES('AIRBUS A310', 'TZX/LTCG');
INSERT INTO CAN_LAND VALUES('AIRBUS A310', 'USQ/LTBO');
INSERT INTO CAN_LAND VALUES('AIRBUS A310', 'VAN/LTCI');
INSERT INTO CAN_LAND VALUES('AIRBUS A310', 'ONQ/LTAS');

-- 	BOEING 737 - BOEING 747 - BOEING 767 - BOEING 777 - BOEING 787
INSERT INTO CAN_LAND VALUES('BOEING 737', 'ISL/LTBA');
INSERT INTO CAN_LAND VALUES('BOEING 737', 'IST/LTFM');
INSERT INTO CAN_LAND VALUES('BOEING 737', 'SAW/LTFJ');
INSERT INTO CAN_LAND VALUES('BOEING 737', 'ADB/LTBJ');
INSERT INTO CAN_LAND VALUES('BOEING 737', 'ESB/LTAC');
INSERT INTO CAN_LAND VALUES('BOEING 737', 'ASR/LTAU');
INSERT INTO CAN_LAND VALUES('BOEING 737', 'KCO/LTBQ');
INSERT INTO CAN_LAND VALUES('BOEING 737', 'KYA/LTAN');
INSERT INTO CAN_LAND VALUES('BOEING 737', 'KZR/LTBZ');
INSERT INTO CAN_LAND VALUES('BOEING 737', 'MLX/LTAT');
INSERT INTO CAN_LAND VALUES('BOEING 737', 'DLM/LTBS');
INSERT INTO CAN_LAND VALUES('BOEING 737', 'BJV/LTFE');
INSERT INTO CAN_LAND VALUES('BOEING 737', 'NAV/LTAZ');
INSERT INTO CAN_LAND VALUES('BOEING 737', 'OGU/LTCB');
INSERT INTO CAN_LAND VALUES('BOEING 737', 'SZF/LTFH');
INSERT INTO CAN_LAND VALUES('BOEING 737', 'NOP/LTCM');
INSERT INTO CAN_LAND VALUES('BOEING 737', 'VAS/LTAR');
INSERT INTO CAN_LAND VALUES('BOEING 737', 'GNY/LTCS');
INSERT INTO CAN_LAND VALUES('BOEING 737', 'TEQ/LTBU');
INSERT INTO CAN_LAND VALUES('BOEING 737', 'TZX/LTCG');
INSERT INTO CAN_LAND VALUES('BOEING 737', 'USQ/LTBO');
INSERT INTO CAN_LAND VALUES('BOEING 737', 'VAN/LTCI');
INSERT INTO CAN_LAND VALUES('BOEING 737', 'ONQ/LTAS');

INSERT INTO CAN_LAND VALUES('BOEING 747', 'ISL/LTBA');
INSERT INTO CAN_LAND VALUES('BOEING 747', 'IST/LTFM');
INSERT INTO CAN_LAND VALUES('BOEING 747', 'SAW/LTFJ');
INSERT INTO CAN_LAND VALUES('BOEING 747', 'ADB/LTBJ');
INSERT INTO CAN_LAND VALUES('BOEING 747', 'ESB/LTAC');
INSERT INTO CAN_LAND VALUES('BOEING 747', 'ADA/LTAF');
INSERT INTO CAN_LAND VALUES('BOEING 747', 'AYT/LTAI');
INSERT INTO CAN_LAND VALUES('BOEING 747', 'GZP/LTFG');
INSERT INTO CAN_LAND VALUES('BOEING 747', 'EDO/LTFD');
INSERT INTO CAN_LAND VALUES('BOEING 747', 'YEI/LTBR');
INSERT INTO CAN_LAND VALUES('BOEING 747', 'CKZ/LTBH');
INSERT INTO CAN_LAND VALUES('BOEING 747', 'DNZ/LTAY');
INSERT INTO CAN_LAND VALUES('BOEING 747', 'DIY/LTCC');
INSERT INTO CAN_LAND VALUES('BOEING 747', 'EZS/LTCA');
INSERT INTO CAN_LAND VALUES('BOEING 747', 'ERZ/LTCE');
INSERT INTO CAN_LAND VALUES('BOEING 747', 'AOE/LTBY');
INSERT INTO CAN_LAND VALUES('BOEING 747', 'GZT/LTAJ');
INSERT INTO CAN_LAND VALUES('BOEING 747', 'HTY/LTDA');
INSERT INTO CAN_LAND VALUES('BOEING 747', 'ISE/LTFC');
INSERT INTO CAN_LAND VALUES('BOEING 747', 'KSY/LTCF');

INSERT INTO CAN_LAND VALUES('BOEING 767', 'ISL/LTBA');
INSERT INTO CAN_LAND VALUES('BOEING 767', 'IST/LTFM');
INSERT INTO CAN_LAND VALUES('BOEING 767', 'SAW/LTFJ');
INSERT INTO CAN_LAND VALUES('BOEING 767', 'ADB/LTBJ');
INSERT INTO CAN_LAND VALUES('BOEING 767', 'ESB/LTAC');
INSERT INTO CAN_LAND VALUES('BOEING 767', 'ASR/LTAU');
INSERT INTO CAN_LAND VALUES('BOEING 767', 'KCO/LTBQ');
INSERT INTO CAN_LAND VALUES('BOEING 767', 'KYA/LTAN');
INSERT INTO CAN_LAND VALUES('BOEING 767', 'KZR/LTBZ');
INSERT INTO CAN_LAND VALUES('BOEING 767', 'MLX/LTAT');
INSERT INTO CAN_LAND VALUES('BOEING 767', 'DLM/LTBS');
INSERT INTO CAN_LAND VALUES('BOEING 767', 'BJV/LTFE');
INSERT INTO CAN_LAND VALUES('BOEING 767', 'NAV/LTAZ');
INSERT INTO CAN_LAND VALUES('BOEING 767', 'OGU/LTCB');
INSERT INTO CAN_LAND VALUES('BOEING 767', 'SZF/LTFH');
INSERT INTO CAN_LAND VALUES('BOEING 767', 'NOP/LTCM');
INSERT INTO CAN_LAND VALUES('BOEING 767', 'VAS/LTAR');
INSERT INTO CAN_LAND VALUES('BOEING 767', 'GNY/LTCS');
INSERT INTO CAN_LAND VALUES('BOEING 767', 'TEQ/LTBU');
INSERT INTO CAN_LAND VALUES('BOEING 767', 'TZX/LTCG');
INSERT INTO CAN_LAND VALUES('BOEING 767', 'USQ/LTBO');
INSERT INTO CAN_LAND VALUES('BOEING 767', 'VAN/LTCI');
INSERT INTO CAN_LAND VALUES('BOEING 767', 'ONQ/LTAS');

INSERT INTO CAN_LAND VALUES('BOEING 777', 'ISL/LTBA');
INSERT INTO CAN_LAND VALUES('BOEING 777', 'IST/LTFM');
INSERT INTO CAN_LAND VALUES('BOEING 777', 'SAW/LTFJ');
INSERT INTO CAN_LAND VALUES('BOEING 777', 'ADB/LTBJ');
INSERT INTO CAN_LAND VALUES('BOEING 777', 'ESB/LTAC');
INSERT INTO CAN_LAND VALUES('BOEING 777', 'ADA/LTAF');
INSERT INTO CAN_LAND VALUES('BOEING 777', 'AYT/LTAI');
INSERT INTO CAN_LAND VALUES('BOEING 777', 'GZP/LTFG');
INSERT INTO CAN_LAND VALUES('BOEING 777', 'EDO/LTFD');
INSERT INTO CAN_LAND VALUES('BOEING 777', 'YEI/LTBR');
INSERT INTO CAN_LAND VALUES('BOEING 777', 'CKZ/LTBH');
INSERT INTO CAN_LAND VALUES('BOEING 777', 'DNZ/LTAY');
INSERT INTO CAN_LAND VALUES('BOEING 777', 'DIY/LTCC');
INSERT INTO CAN_LAND VALUES('BOEING 777', 'EZS/LTCA');
INSERT INTO CAN_LAND VALUES('BOEING 777', 'ERZ/LTCE');
INSERT INTO CAN_LAND VALUES('BOEING 777', 'AOE/LTBY');
INSERT INTO CAN_LAND VALUES('BOEING 777', 'GZT/LTAJ');
INSERT INTO CAN_LAND VALUES('BOEING 777', 'HTY/LTDA');
INSERT INTO CAN_LAND VALUES('BOEING 777', 'ISE/LTFC');
INSERT INTO CAN_LAND VALUES('BOEING 777', 'KSY/LTCF');

INSERT INTO CAN_LAND VALUES('BOEING 787', 'ISL/LTBA');
INSERT INTO CAN_LAND VALUES('BOEING 787', 'IST/LTFM');
INSERT INTO CAN_LAND VALUES('BOEING 787', 'SAW/LTFJ');
INSERT INTO CAN_LAND VALUES('BOEING 787', 'ADB/LTBJ');
INSERT INTO CAN_LAND VALUES('BOEING 787', 'ESB/LTAC');
INSERT INTO CAN_LAND VALUES('BOEING 787', 'ERZ/LTCE');
INSERT INTO CAN_LAND VALUES('BOEING 787', 'AOE/LTBY');
INSERT INTO CAN_LAND VALUES('BOEING 787', 'GZT/LTAJ');
INSERT INTO CAN_LAND VALUES('BOEING 787', 'HTY/LTDA');
INSERT INTO CAN_LAND VALUES('BOEING 787', 'ISE/LTFC');
INSERT INTO CAN_LAND VALUES('BOEING 787', 'KSY/LTCF');
INSERT INTO CAN_LAND VALUES('BOEING 787', 'GNY/LTCS');
INSERT INTO CAN_LAND VALUES('BOEING 787', 'TEQ/LTBU');
INSERT INTO CAN_LAND VALUES('BOEING 787', 'TZX/LTCG');
INSERT INTO CAN_LAND VALUES('BOEING 787', 'USQ/LTBO');
INSERT INTO CAN_LAND VALUES('BOEING 787', 'VAN/LTCI');
INSERT INTO CAN_LAND VALUES('BOEING 787', 'ONQ/LTAS');
 

INSERT INTO CUSTOMER VALUES('CST00001', 'Ibrahim Hayrettin YAKUT','PASSPORT1', 'TURKEY','Çiğli/İZMİR', '0536 123 45 67', 'ibrahim@gmail.com');
INSERT INTO CUSTOMER VALUES('CST00002', 'Yeşim Aktaş','PASSPORT2', 'TURKEY','Kumluca/Antalya', '0536 000 12 23', 'yesim@gmail.com');
INSERT INTO CUSTOMER VALUES('CST00003', 'Ceren Atılgan','PASSPORT3', 'TURKEY','Bornova/İZMİR', '0536 000 12 24', 'ceren@gmail.com');
INSERT INTO CUSTOMER VALUES('CST00004', 'Hakan Kara','PASSPORT4', 'TURKEY','Kaş/Antalya', '0536 000 12 25', 'hakan@gmail.com');
INSERT INTO CUSTOMER VALUES('CST00005', 'Isa Tetik','PASSPORT5', 'TURKEY','Selçuklu/KONYA', '0536 000 12 26', 'isa@gmail.com');
INSERT INTO CUSTOMER VALUES('CST00006', 'Vedat Bal','PASSPORT6', 'TURKEY','Sungurlu/ÇORUM', '0536 000 12 27', 'vedat@gmail.com');
INSERT INTO CUSTOMER VALUES('CST00007', 'Pınar Güngör','PASSPORT7', 'TURKEY','Karşıyaka/İZMİR', '0536 000 12 27', 'pinar@gmail.com');

INSERT INTO CUSTOMER VALUES('CST00008', 'Okan AKYOL','PASSPORT8', 'TURKEY','Buca/İZMİR', '0536 000 12 28', 'okan@gmail.com');
INSERT INTO CUSTOMER VALUES('CST00009', 'Ahmet Tartar','PASSPORT9', 'TURKEY','Konak/İZMİR', '0536 000 12 29', 'ahmet@gmail.com');
INSERT INTO CUSTOMER VALUES('CST00010', 'Hamza YILMAZ','PASSPORT10', 'TURKEY','Bayraklı/İZMİR', '0536 000 12 30', 'hamza@gmail.com');
INSERT INTO CUSTOMER VALUES('CST00011', 'Zeynep Derbent','PASSPORT11', 'TURKEY','Bostanlı/İZMİR', '0536 000 12 31', 'zeynep@gmail.com');

INSERT INTO CUSTOMER VALUES('CST00012', 'Mine Bağcı','PASSPORT12', 'TURKEY','Karşıyaka/İZMİR', '535 000 13 10', 'mine@gmail.com');
INSERT INTO CUSTOMER VALUES('CST00013', 'Ikabet Şahin','PASSPORT13', 'TURKEY','Turgutlu/MANİSA', '0535 000 13 20', 'ikabet@gmail.com');
INSERT INTO CUSTOMER VALUES('CST00014', 'Zehra Seven','PASSPORT14', 'TURKEY','Kadıköy/İSTANBUL', '0535 000 12 30', 'zehra@gmail.com');
INSERT INTO CUSTOMER VALUES('CST00015', 'Zeynep Bağcı','PASSPORT15', 'TURKEY','Karşıyaka/İZMİR', '0535 000 12 40', 'zeynepbagci@gmail.com');
INSERT INTO CUSTOMER VALUES('CST00016', 'Burak Çevikarabacı','PASSPORT16', 'TURKEY','Turgutlu/MANİSA', '0535 000 12 50', 'burak@gmail.com');
INSERT INTO CUSTOMER VALUES('CST00017', 'Elif Özünlü','PASSPORT17', 'TURKEY','Turgutlu/MANİSA', '0535 000 15 91', 'elif@gmail.com');
INSERT INTO CUSTOMER VALUES('CST00018', 'Sena Şarbak','PASSPORT18', 'TURKEY','Kadıköy/İSTANBUL', '0535 000 15 34', 'sena@gmail.com');
INSERT INTO CUSTOMER VALUES('CST00019', 'Berkhan Yiğit','PASSPORT19', 'TURKEY','Bandırma/BALIKESİR', '0535 000 15 77', 'berkhan@gmail.com');
INSERT INTO CUSTOMER VALUES('CST00020', 'Ömer Akçalı','PASSPORT20', 'TURKEY','Bafra/SAMSUN', '0535 000 16 78', 'omer@gmail.com');
INSERT INTO CUSTOMER VALUES('CST00021', 'Hande İleri','PASSPORT21', 'TURKEY','Levent/İSTANBUL', '0535 000 16 42', 'hande@gmail.com');
INSERT INTO CUSTOMER VALUES('CST00022', 'Akif Konur','PASSPORT22', 'TURKEY','Bandırma/BALIKESİR', '0535 000 16 36', 'makif@gmail.com');
INSERT INTO CUSTOMER VALUES('CST00023', 'Mirza Şahinkaya','PASSPORT23', 'TURKEY','Karşıyaka/İZMİR', '0535 000 16 24', 'mirza@gmail.com');

INSERT INTO CUSTOMER VALUES('CST00024', 'Fevzi Çakar','PASSPORT24', 'TURKEY','Altınoluk/BALIKESİR', '0535 000 16 36', 'fevzi@gmail.com');
INSERT INTO CUSTOMER VALUES('CST00025', 'Melahat Çakar','PASSPORT25', 'TURKEY','Altınoluk/İZMİR', '0535 000 16 37', 'melahat@gmail.com');
INSERT INTO CUSTOMER VALUES('CST00026', 'Semra Çakar','PASSPORT26', 'TURKEY','Altınoluk/BALIKESİR', '0535 000 16 38', 'semra@gmail.com');
INSERT INTO CUSTOMER VALUES('CST00027', 'Semiha Çakar','PASSPORT27', 'TURKEY','Altınoluk/İZMİR', '0535 000 16 39', 'semiha@gmail.com');
INSERT INTO CUSTOMER VALUES('CST00028', 'Sabiha Çakar','PASSPORT28', 'TURKEY','Altınoluk/BALIKESİR', '0535 000 16 40', 'sabiha@gmail.com');
INSERT INTO CUSTOMER VALUES('CST00029', 'Ayşe Çakar','PASSPORT29', 'TURKEY','Altınoluk/İZMİR', '0535 000 16 41', 'ayse@gmail.com');





INSERT INTO FLIGHT VALUES('FN00001', 'PEGASUS', 'Pazartesi');
INSERT INTO FLIGHT VALUES('FN00002', 'PEGASUS', 'Salı');
INSERT INTO FLIGHT VALUES('FN00003', 'PEGASUS', 'Çarşamba');
INSERT INTO FLIGHT VALUES('FN00004', 'PEGASUS', 'Perşembe');
INSERT INTO FLIGHT VALUES('FN00005', 'PEGASUS', 'Cuma');
INSERT INTO FLIGHT VALUES('FN00006', 'PEGASUS', 'Cumartesi');
INSERT INTO FLIGHT VALUES('FN00007', 'PEGASUS', 'Pazar');


INSERT INTO FLIGHT VALUES('FN00008', 'THY', 'Pazartesi');
INSERT INTO FLIGHT VALUES('FN00009', 'THY', 'Salı');
INSERT INTO FLIGHT VALUES('FN00010', 'THY', 'Çarşamba');
INSERT INTO FLIGHT VALUES('FN00011', 'THY', 'Perşembe');
INSERT INTO FLIGHT VALUES('FN00012', 'THY', 'Cuma');
INSERT INTO FLIGHT VALUES('FN00013', 'THY', 'Cumartesi');
INSERT INTO FLIGHT VALUES('FN00014', 'THY', 'Pazar');

INSERT INTO FLIGHT VALUES('FN00015', 'SUNEXPRESS', 'Pazartesi');
INSERT INTO FLIGHT VALUES('FN00016', 'SUNEXPRESS', 'Salı');
INSERT INTO FLIGHT VALUES('FN00017', 'SUNEXPRESS', 'Çarşamba');
INSERT INTO FLIGHT VALUES('FN00018', 'SUNEXPRESS', 'Perşembe');
INSERT INTO FLIGHT VALUES('FN00019', 'SUNEXPRESS', 'Cuma');
INSERT INTO FLIGHT VALUES('FN00020', 'SUNEXPRESS', 'Cumartesi');
INSERT INTO FLIGHT VALUES('FN00021', 'SUNEXPRESS', 'Pazar');

INSERT INTO FLIGHT VALUES('FN00022', 'ANADOLUJET', 'Pazartesi');
INSERT INTO FLIGHT VALUES('FN00023', 'ANADOLUJET', 'Salı');
INSERT INTO FLIGHT VALUES('FN00024', 'ANADOLUJET', 'Çarşamba');
INSERT INTO FLIGHT VALUES('FN00025', 'ANADOLUJET', 'Perşembe');
INSERT INTO FLIGHT VALUES('FN00026', 'ANADOLUJET', 'Cuma');
INSERT INTO FLIGHT VALUES('FN00027', 'ANADOLUJET', 'Cumartesi');
INSERT INTO FLIGHT VALUES('FN00028', 'ANADOLUJET', 'Pazar');

INSERT INTO FLIGHT VALUES('FN00029', 'ONURAIR', 'Pazartesi');
INSERT INTO FLIGHT VALUES('FN00030', 'ONURAIR', 'Salı');
INSERT INTO FLIGHT VALUES('FN00031', 'ONURAIR', 'Çarşamba');
INSERT INTO FLIGHT VALUES('FN00032', 'ONURAIR', 'Perşembe');
INSERT INTO FLIGHT VALUES('FN00033', 'ONURAIR', 'Cuma');
INSERT INTO FLIGHT VALUES('FN00034', 'ONURAIR', 'Cumartesi');
INSERT INTO FLIGHT VALUES('FN00035', 'ONURAIR', 'Pazar');

-- PEGASUS FIYATLARI
INSERT INTO FARE VALUES('FRN00001', 'FN00001', 200, '15kg');
INSERT INTO FARE VALUES('FRN00002', 'FN00002', 100, '15kg');
INSERT INTO FARE VALUES('FRN00003', 'FN00003', 100, '15kg');
INSERT INTO FARE VALUES('FRN00004', 'FN00004', 100, '15kg');
INSERT INTO FARE VALUES('FRN00005', 'FN00005', 200, '15kg'); 
INSERT INTO FARE VALUES('FRN00006', 'FN00006', 200, '15kg');
INSERT INTO FARE VALUES('FRN00007', 'FN00007', 200, '15kg');
-- THY  FIYATLARI
INSERT INTO FARE VALUES('FRN00008', 'FN00008', 210, '20kg');
INSERT INTO FARE VALUES('FRN00009', 'FN00009', 110, '20kg');
INSERT INTO FARE VALUES('FRN00010', 'FN00010', 110, '20kg');
INSERT INTO FARE VALUES('FRN00011', 'FN00011', 110, '20kg');
INSERT INTO FARE VALUES('FRN00012', 'FN00012', 210, '20kg'); 
INSERT INTO FARE VALUES('FRN00013', 'FN00013', 210, '20kg');
INSERT INTO FARE VALUES('FRN00014', 'FN00014', 210, '20kg');
-- SUN EXPRESS  FIYATLARI
INSERT INTO FARE VALUES('FRN00015', 'FN00015', 220, '14kg');
INSERT INTO FARE VALUES('FRN00016', 'FN00016', 120, '14kg');
INSERT INTO FARE VALUES('FRN00017', 'FN00017', 120, '14kg');
INSERT INTO FARE VALUES('FRN00018', 'FN00018', 120, '14kg');
INSERT INTO FARE VALUES('FRN00019', 'FN00019', 220, '14kg'); 
INSERT INTO FARE VALUES('FRN00020', 'FN00020', 220, '14kg');
INSERT INTO FARE VALUES('FRN00021', 'FN00021', 220, '14kg');
-- ANADOLU JET  FIYATLARI
INSERT INTO FARE VALUES('FRN00022', 'FN00022', 120, '15kg');
INSERT INTO FARE VALUES('FRN00023', 'FN00023', 80, '15kg');
INSERT INTO FARE VALUES('FRN00024', 'FN00024', 80, '15kg');
INSERT INTO FARE VALUES('FRN00025', 'FN00025', 80, '15kg');
INSERT INTO FARE VALUES('FRN00026', 'FN00026', 120, '15kg'); 
INSERT INTO FARE VALUES('FRN00027', 'FN00027', 120, '15kg');
INSERT INTO FARE VALUES('FRN00028', 'FN00028', 120, '15kg');
-- ONUR AIR  FIYATLARI
INSERT INTO FARE VALUES('FRN00029', 'FN00029', 120, '12kg');
INSERT INTO FARE VALUES('FRN00030', 'FN00029', 80, '12kg');
INSERT INTO FARE VALUES('FRN00031', 'FN00029', 80, '12kg');
INSERT INTO FARE VALUES('FRN00032', 'FN00029', 80, '12kg');
INSERT INTO FARE VALUES('FRN00033', 'FN00029', 120, '12kg'); 
INSERT INTO FARE VALUES('FRN00034', 'FN00029', 120, '12kg');
INSERT INTO FARE VALUES('FRN00035', 'FN00029', 120, '12kg');

 





INSERT INTO FLIGHT_LEG VALUES('LEG1', 'FN00001', 'ISL/LTBA', '16:00', 'AYT/LTAI', '18:00', 1000);
INSERT INTO FLIGHT_LEG VALUES('LEG2', 'FN00001', 'AYT/LTAI', '19:00', 'HTY/LTDA', '21:00', 800);
INSERT INTO FLIGHT_LEG VALUES('LEG1', 'FN00002', 'ADB/LTBJ', '09:00', 'ESB/LTAC', '11:00', 1100);
INSERT INTO FLIGHT_LEG VALUES('LEG2', 'FN00002', 'ESB/LTAC', '11:30', 'ERZ/LTCE', '13:00', 850);
INSERT INTO FLIGHT_LEG VALUES('LEG1', 'FN00003', 'DIY/LTCC', '15:00', 'TEQ/LTBU', '17:30', 900);
INSERT INTO FLIGHT_LEG VALUES('LEG1', 'FN00004', 'ADA/LTAF', '20:10', 'EDO/LTFD', '21:30', 700);
INSERT INTO FLIGHT_LEG VALUES('LEG1', 'FN00005', 'KCO/LTBQ', '10:00', 'GZP/LTFG', '12:40', 100);
INSERT INTO FLIGHT_LEG VALUES('LEG1', 'FN00006', 'SAW/LTFJ', '09:00', 'KYA/LTAN', '11:20', 750);
INSERT INTO FLIGHT_LEG VALUES('LEG2', 'FN00006', 'KYA/LTAN', '12:00', 'GNY/LTCS', '13.30', 500);
INSERT INTO FLIGHT_LEG VALUES('LEG1', 'FN00007', 'SZF/LTFH', '14:15', 'BJV/LTFE', '16:00', 600);
INSERT INTO FLIGHT_LEG VALUES('LEG1', 'FN00008', 'ADB/LTBJ', '10:40', 'ASR/LTAU', '12:00', 900);
INSERT INTO FLIGHT_LEG VALUES('LEG2', 'FN00008', 'ASR/LTAU', '13:00', 'ERZ/LTCE', '14:50', 700);
INSERT INTO FLIGHT_LEG VALUES('LEG3', 'FN00008', 'ERZ/LTCE', '15:30', 'NOP/LTCM', '17:00', 850);
INSERT INTO FLIGHT_LEG VALUES('LEG1', 'FN00009', 'VAS/LTAR', '20:00', 'USQ/LTBO', '21:30', 850);
INSERT INTO FLIGHT_LEG VALUES('LEG1', 'FN00010', 'VAN/LTCI', '16:00', 'KZR/LTBZ', '18:00', 1100);
INSERT INTO FLIGHT_LEG VALUES('LEG1', 'FN00011', 'DIY/LTCC', '15:00', 'TEQ/LTBU', '17:30', 900);
INSERT INTO FLIGHT_LEG VALUES('LEG1', 'FN00012', 'AYT/LTAI', '14:40', 'KSY/LTCF', '16:10', 1000);
INSERT INTO FLIGHT_LEG VALUES('LEG2', 'FN00012', 'KSY/LTCF', '16:50', 'OGU/LTCB', '17:50', 950);
INSERT INTO FLIGHT_LEG VALUES('LEG1', 'FN00013', 'MLX/LTAT', '08:30', 'TEQ/LTBU', '10:40', 1150);
INSERT INTO FLIGHT_LEG VALUES('LEG1', 'FN00014', 'CKZ/LTBH', '13:10', 'NAV/LTAZ', '15:00', 900);
INSERT INTO FLIGHT_LEG VALUES('LEG1', 'FN00015', 'DNZ/LTAY', '16:10', 'KCO/LTBQ', '17:30', 750);
INSERT INTO FLIGHT_LEG VALUES('LEG1', 'FN00016', 'VAS/LTAR', '22:00', 'IST/LTFM', '23:40', 1000);
INSERT INTO FLIGHT_LEG VALUES('LEG1', 'FN00017', 'AOE/LTBY', '17:20', 'ISL/LTBA', '18:50', 800);
INSERT INTO FLIGHT_LEG VALUES('LEG2', 'FN00017', 'ISL/LTBA', '19:40', 'ONQ/LTAS', '20:30', 500);
INSERT INTO FLIGHT_LEG VALUES('LEG1', 'FN00018', 'IST/LTFM', '16:00', 'SZF/LTFH', '17:00', 650);
INSERT INTO FLIGHT_LEG VALUES('LEG2', 'FN00018', 'SZF/LTFH', '17:40', 'ERZ/LTCE', '18:00', 600);
INSERT INTO FLIGHT_LEG VALUES('LEG1', 'FN00019', 'ISE/LTFC', '20:40', 'MLX/LTAT', '22:00', 900);
INSERT INTO FLIGHT_LEG VALUES('LEG1', 'FN00020', 'EDO/LTFD', '11:00', 'VAN/LTCI', '14:00', 1300);
INSERT INTO FLIGHT_LEG VALUES('LEG1', 'FN00021', 'GZP/LTFG', '08:40', 'ADB/LTBJ', '10:00', 700);
INSERT INTO FLIGHT_LEG VALUES('LEG1', 'FN00022', 'YEI/LTBR', '16:00', 'HTY/LTDA', '18:40', 1150);
INSERT INTO FLIGHT_LEG VALUES('LEG1', 'FN00023', 'DLM/LTBS', '10:00', 'ESB/LTAC', '12:00', 800);
INSERT INTO FLIGHT_LEG VALUES('LEG2', 'FN00023', 'ESB/LTAC', '12:50', 'TZX/LTCG', '14:20', 750);
INSERT INTO FLIGHT_LEG VALUES('LEG3', 'FN00023', 'TZX/LTCG', '15:20', 'KSY/LTCF', '16:50', 650);
INSERT INTO FLIGHT_LEG VALUES('LEG1', 'FN00024', 'EZS/LTCA', '15:00', 'ISE/LTFC', '17:00', 750);
INSERT INTO FLIGHT_LEG VALUES('LEG1', 'FN00025', 'GNY/LTCS', '14:30', 'ADB/LTBJ', '17:00', 1100);
INSERT INTO FLIGHT_LEG VALUES('LEG1', 'FN00026', 'ISL/LTBA', '20:20', 'BJV/LTFE', '21:30', 850);
INSERT INTO FLIGHT_LEG VALUES('LEG1', 'FN00027', 'SAW/LTFJ', '11:00', 'ADB/LTBJ', '13:00', 700);
INSERT INTO FLIGHT_LEG VALUES('LEG2', 'FN00027', 'ADB/LTBJ', '14:00', 'ISE/LTFC', '15:00', 550);
INSERT INTO FLIGHT_LEG VALUES('LEG1', 'FN00028', 'ONQ/LTAS', '19:00', 'GNY/LTCS', '21:00', 1200);
INSERT INTO FLIGHT_LEG VALUES('LEG1', 'FN00029', 'USQ/LTBO', '09:40', 'IST/LTFM', '11:00', 800);
INSERT INTO FLIGHT_LEG VALUES('LEG1', 'FN00030', 'TEQ/LTBU', '08:00', 'ASR/LTAU', '11:00', 1200);
INSERT INTO FLIGHT_LEG VALUES('LEG1', 'FN00031', 'ISL/LTBA', '12:10', 'KYA/LTAN', '14:50', 900);
INSERT INTO FLIGHT_LEG VALUES('LEG2', 'FN00031', 'KYA/LTAN', '15:40', 'GNY/LTCS', '17:00', 650);
INSERT INTO FLIGHT_LEG VALUES('LEG1', 'FN00032', 'IST/LTFM', '13:00', 'ISE/LTFC', '15:20', 900);
INSERT INTO FLIGHT_LEG VALUES('LEG2', 'FN00032', 'ISE/LTFC', '16:00', 'ADA/LTAF', '16:50', 600);
INSERT INTO FLIGHT_LEG VALUES('LEG3', 'FN00032', 'ADA/LTAF', '18:00', 'VAN/LTCI', '19:50', 800);
INSERT INTO FLIGHT_LEG VALUES('LEG1', 'FN00033', 'OGU/LTCB', '12:30', 'DNZ/LTAY', '14:40', 1000);
INSERT INTO FLIGHT_LEG VALUES('LEG1', 'FN00034', 'EZS/LTCA', '16:00', 'SAW/LTFJ', '19:00', 1200);
INSERT INTO FLIGHT_LEG VALUES('LEG1', 'FN00035', 'ASR/LTAU', '17:40', 'CKZ/LTBH', '19:50', 1000);



INSERT INTO LEG_INSTANCE VALUES('FN00001', 'LEG1', '2021-03-12', 215, 'APL000006', 'ISL/LTBA', '16:10', 'AYT/LTAI', '18:10');
INSERT INTO LEG_INSTANCE VALUES('FN00001', 'LEG2', '2021-03-12', 215, 'APL000006', 'AYT/LTAI', '19:00', 'HTY/LTDA', '20:50');
INSERT INTO LEG_INSTANCE VALUES('FN00002', 'LEG1', '2021-04-01', 467, 'APL000007', 'ADB/LTBJ', '09:00', 'ESB/LTAC', '11:20');
INSERT INTO LEG_INSTANCE VALUES('FN00002', 'LEG2', '2021-04-01', 467, 'APL000007', 'ESB/LTAC', '11:50', 'ERZ/LTCE', '13:10');
INSERT INTO LEG_INSTANCE VALUES('FN00003', 'LEG1', '2021-04-24', 301, 'APL000015', 'DIY/LTCC', '15:00', 'TEQ/LTBU', '17:30');
INSERT INTO LEG_INSTANCE VALUES('FN00004', 'LEG1', '2021-03-01', 300, 'APL000030', 'ADA/LTAF', '20:30', 'EDO/LTFD', '21:40');
INSERT INTO LEG_INSTANCE VALUES('FN00005', 'LEG1', '2021-03-28', 185, 'APL000037', 'KCO/LTBQ', '10:15', 'GZP/LTFG', '12:50');
INSERT INTO LEG_INSTANCE VALUES('FN00006', 'LEG1', '2021-04-30', 187, 'APL000049', 'SAW/LTFJ', '09:00', 'KYA/LTAN', '11:20');
INSERT INTO LEG_INSTANCE VALUES('FN00006', 'LEG2', '2021-04-30', 187, 'APL000049', 'KYA/LTAN', '12:00', 'GNY/LTCS', '13:30');
INSERT INTO LEG_INSTANCE VALUES('FN00007', 'LEG1', '2021-03-18', 300, 'APL000025', 'SZF/LTFH', '14:15', 'BJV/LTFE', '16:00');
INSERT INTO LEG_INSTANCE VALUES('FN00008', 'LEG1', '2021-03-17', 215, 'APL000001', 'ADB/LTBJ', '11:00', 'ASR/LTAU', '12:15');
INSERT INTO LEG_INSTANCE VALUES('FN00008', 'LEG2', '2021-03-17', 215, 'APL000001', 'ASR/LTAU', '13:10', 'ERZ/LTCE', '15:00');
INSERT INTO LEG_INSTANCE VALUES('FN00008', 'LEG3', '2021-03-17', 215, 'APL000001', 'ERZ/LTCE', '15:40', 'NOP/LTCM', '17:20');
INSERT INTO LEG_INSTANCE VALUES('FN00009', 'LEG1', '2021-04-04', 467, 'APL000009', 'VAS/LTAR', '20:00', 'USQ/LTBO', '21:30');
INSERT INTO LEG_INSTANCE VALUES('FN00010', 'LEG1', '2021-04-03', 375, 'APL000014', 'VAN/LTCI', '16:00', 'KZR/LTBZ', '18:00');
INSERT INTO LEG_INSTANCE VALUES('FN00011', 'LEG1', '2021-05-02', 301, 'APL000016', 'DIY/LTCC', '15:10', 'TEQ/LTBU', '17:45');
INSERT INTO LEG_INSTANCE VALUES('FN00012', 'LEG1', '2021-03-17', 187, 'APL000050', 'AYT/LTAI', '14:40', 'KSY/LTCF', '16:10');
INSERT INTO LEG_INSTANCE VALUES('FN00012', 'LEG2', '2021-03-17', 186, 'APL000044', 'KSY/LTCF', '16:50', 'OGU/LTCB', '17:50');
INSERT INTO LEG_INSTANCE VALUES('FN00013', 'LEG1', '2021-04-06', 185, 'APL000038', 'MLX/LTAT', '08:30', 'TEQ/LTBU', '10:40');
INSERT INTO LEG_INSTANCE VALUES('FN00014', 'LEG1', '2021-04-07', 330, 'APL000021', 'CKZ/LTBH', '13:20', 'NAV/LTAZ', '15:15');
INSERT INTO LEG_INSTANCE VALUES('FN00015', 'LEG1', '2021-03-12', 215, 'APL000003', 'DNZ/LTAY', '16:10', 'KCO/LTBQ', '17:30');
INSERT INTO LEG_INSTANCE VALUES('FN00016', 'LEG1', '2021-03-05', 467, 'APL000008', 'VAS/LTAR', '22:30', 'IST/LTFM', '23:50');
INSERT INTO LEG_INSTANCE VALUES('FN00017', 'LEG1', '2021-03-19', 187, 'APL000051', 'AOE/LTBY', '17:20', 'ISL/LTBA', '18:50');
INSERT INTO LEG_INSTANCE VALUES('FN00017', 'LEG2', '2021-03-19', 187, 'APL000051', 'ISL/LTBA', '19:50', 'ONQ/LTAS', '20:45');
INSERT INTO LEG_INSTANCE VALUES('FN00018', 'LEG1', '2021-03-20', 239, 'APL000033', 'IST/LTFM', '16:00', 'SZF/LTFH', '17:00');
INSERT INTO LEG_INSTANCE VALUES('FN00018', 'LEG2', '2021-03-20', 239, 'APL000033', 'SZF/LTFH', '17:40', 'ERZ/LTCE', '18:00');
INSERT INTO LEG_INSTANCE VALUES('FN00019', 'LEG1', '2021-04-25', 330, 'APL000023', 'ISE/LTFC', '21:00', 'MLX/LTAT', '22:15');
INSERT INTO LEG_INSTANCE VALUES('FN00020', 'LEG1', '2021-05-03', 301, 'APL000018', 'EDO/LTFD', '11:00', 'VAN/LTCI', '14:00');
INSERT INTO LEG_INSTANCE VALUES('FN00021', 'LEG1', '2021-05-10', 185, 'APL000039', 'GZP/LTFG', '08:40', 'ADB/LTBJ', '10:00');
INSERT INTO LEG_INSTANCE VALUES('FN00022', 'LEG1', '2021-04-17', 187, 'APL000052', 'YEI/LTBR', '16:00', 'HTY/LTDA', '18:40');
INSERT INTO LEG_INSTANCE VALUES('FN00023', 'LEG1', '2021-03-22', 215, 'APL000004', 'DLM/LTBS', '10:00', 'ESB/LTAC', '12:00');
INSERT INTO LEG_INSTANCE VALUES('FN00023', 'LEG2', '2021-03-22', 215, 'APL000004', 'ESB/LTAC', '12:50', 'TZX/LTCG', '14:20');
INSERT INTO LEG_INSTANCE VALUES('FN00023', 'LEG3', '2021-03-22', 215, 'APL000004', 'TZX/LTCG', '15:20', 'KSY/LTCF', '16:50');
INSERT INTO LEG_INSTANCE VALUES('FN00024', 'LEG1', '2021-04-11', 186, 'APL000046', 'EZS/LTCA', '15:30', 'ISE/LTFC', '17:40');
INSERT INTO LEG_INSTANCE VALUES('FN00025', 'LEG1', '2021-04-13', 467, 'APL000011', 'GNY/LTCS', '14:30', 'ADB/LTBJ', '17:00');
INSERT INTO LEG_INSTANCE VALUES('FN00026', 'LEG1', '2021-03-25', 185, 'APL000040', 'ISL/LTBA', '20:20', 'BJV/LTFE', '21:30');
INSERT INTO LEG_INSTANCE VALUES('FN00027', 'LEG1', '2021-03-29', 239, 'APL000034', 'SAW/LTFJ', '11:00', 'ADB/LTBJ', '13:00');
INSERT INTO LEG_INSTANCE VALUES('FN00027', 'LEG2', '2021-03-29', 239, 'APL000034', 'ADB/LTBJ', '14:00', 'ISE/LTFC', '15:00');
INSERT INTO LEG_INSTANCE VALUES('FN00028', 'LEG1', '2021-05-16', 330, 'APL000022', 'ONQ/LTAS', '19:20', 'GNY/LTCS', '21:20');
INSERT INTO LEG_INSTANCE VALUES('FN00029', 'LEG1', '2021-04-16', 187, 'APL000053', 'USQ/LTBO', '09:40', 'IST/LTFM', '11:10');
INSERT INTO LEG_INSTANCE VALUES('FN00030', 'LEG1', '2021-03-10', 301, 'APL000019', 'TEQ/LTBU', '08:10', 'ASR/LTAU', '11:05');
INSERT INTO LEG_INSTANCE VALUES('FN00031', 'LEG1', '2021-04-27', 330, 'APL000024', 'ISL/LTBA', '12:10', 'KYA/LTAN', '14:50');
INSERT INTO LEG_INSTANCE VALUES('FN00031', 'LEG2', '2021-03-28', 330, 'APL000024', 'KYA/LTAN', '15:50', 'GNY/LTCS', '17:10');
INSERT INTO LEG_INSTANCE VALUES('FN00032', 'LEG1', '2021-04-06', 300, 'APL000029', 'IST/LTFM', '13:10', 'ISE/LTFC', '15:30');
INSERT INTO LEG_INSTANCE VALUES('FN00032', 'LEG2', '2021-04-06', 300, 'APL000029', 'ISE/LTFC', '16:00', 'ADA/LTAF', '16:50');
INSERT INTO LEG_INSTANCE VALUES('FN00032', 'LEG3', '2021-04-06', 300, 'APL000029', 'ADA/LTAF', '18:00', 'VAN/LTCI', '20:00');
INSERT INTO LEG_INSTANCE VALUES('FN00033', 'LEG1', '2021-05-11', 239, 'APL000035', 'OGU/LTCB', '12:30', 'DNZ/LTAY', '14:40');
INSERT INTO LEG_INSTANCE VALUES('FN00034', 'LEG1', '2021-03-26', 186, 'APL000047', 'EZS/LTCA', '16:00', 'SAW/LTFJ', '19:00');
INSERT INTO LEG_INSTANCE VALUES('FN00035', 'LEG1', '2021-03-14', 185, 'APL000041', 'ASR/LTAU', '17:40', 'CKZ/LTBH', '19:50');




INSERT INTO FFC VALUES('CST00001','PEGASUS',1850);
INSERT INTO FFC VALUES('CST00001','THY',2900);
INSERT INTO FFC VALUES('CST00001','ANADOLUJET',500);
 
INSERT INTO FFC VALUES('CST00002','PEGASUS',2850);
INSERT INTO FFC VALUES('CST00002','THY',1900);
INSERT INTO FFC VALUES('CST00002','ANADOLUJET',100);

INSERT INTO FFC VALUES('CST00003','PEGASUS',250);
INSERT INTO FFC VALUES('CST00003','THY',100);
INSERT INTO FFC VALUES('CST00003','ANADOLUJET',3300);

INSERT INTO FFC VALUES('CST00004','PEGASUS',2350);
INSERT INTO FFC VALUES('CST00004','THY',4100);
INSERT INTO FFC VALUES('CST00004','ANADOLUJET',1300);
 
INSERT INTO FFC VALUES('CST00005','PEGASUS',5350);
INSERT INTO FFC VALUES('CST00005','THY',1100);
INSERT INTO FFC VALUES('CST00005','ANADOLUJET',1000);
 

delete from segment;
INSERT INTO SEGMENT VALUES ('COPPER',2000,2500,'PEGASUS');
INSERT INTO SEGMENT VALUES ('SILVER',2500,3000,'PEGASUS');
INSERT INTO SEGMENT VALUES ('GOLD',3000,3500,'PEGASUS');
INSERT INTO SEGMENT VALUES ('PLATIN',3500,10000,'PEGASUS');

INSERT INTO SEGMENT VALUES ('CLASS 4',3000,3500,'THY');
INSERT INTO SEGMENT VALUES ('CLASS 3',3500,4000,'THY');
INSERT INTO SEGMENT VALUES ('CLASS 2',4000,4500,'THY');
INSERT INTO SEGMENT VALUES ('CLASS 1',4500,10000,'THY');

INSERT INTO SEGMENT VALUES ('SERÇE',2500,3000,'ANADOLUJET');
INSERT INTO SEGMENT VALUES ('LEYLEK',3000,3500,'ANADOLUJET');
INSERT INTO SEGMENT VALUES ('KUZGUN',3500,4000,'ANADOLUJET');
INSERT INTO SEGMENT VALUES ('KARTAL',4500,10000,'ANADOLUJET');

INSERT INTO SEGMENT VALUES ('D CLASS',2000,2500,'ONURAIR');
INSERT INTO SEGMENT VALUES ('C CLASS',2500,3000,'ONURAIR');
INSERT INTO SEGMENT VALUES ('B CLASS',3000,3500,'ONURAIR');
INSERT INTO SEGMENT VALUES ('A CLASS',3500,10000,'ONURAIR');

INSERT INTO SEGMENT VALUES ('CLASSIC',2000,3000,'SUNEXPRESS');
INSERT INTO SEGMENT VALUES ('CLASSIC PLUS',3000,4000,'SUNEXPRESS');
INSERT INTO SEGMENT VALUES ('ELITE',4000,5000,'SUNEXPRESS');
INSERT INTO SEGMENT VALUES ('ELITE PLUS',5000,10000,'SUNEXPRESS');

INSERT INTO RESERVATION VALUES('CST00001', 'FN00001', 'LEG1', '2021-03-12', '30F', 0);
INSERT INTO RESERVATION VALUES('CST00002', 'FN00001', 'LEG1', '2021-03-12', '11A', 0);
INSERT INTO RESERVATION VALUES('CST00003', 'FN00001', 'LEG1', '2021-03-12', '12E', 0);
INSERT INTO RESERVATION VALUES('CST00004', 'FN00001', 'LEG1', '2021-03-12', '12A', 0);
INSERT INTO RESERVATION VALUES('CST00005', 'FN00001', 'LEG1', '2021-03-12', '20D', 0);
INSERT INTO RESERVATION VALUES('CST00006', 'FN00001', 'LEG1', '2021-03-12', '10B', 0);
INSERT INTO RESERVATION VALUES('CST00007', 'FN00001', 'LEG1', '2021-03-12', '12F', 0);
INSERT INTO RESERVATION VALUES('CST00008', 'FN00001', 'LEG1', '2021-03-12', '17D', 0);
INSERT INTO RESERVATION VALUES('CST00009', 'FN00001', 'LEG1', '2021-03-12', '23A', 0);
INSERT INTO RESERVATION VALUES('CST00010', 'FN00001', 'LEG1', '2021-03-12', '30B', 0);
INSERT INTO RESERVATION VALUES('CST00011', 'FN00001', 'LEG1', '2021-03-12', '24C', 0);
INSERT INTO RESERVATION VALUES('CST00012', 'FN00001', 'LEG1', '2021-03-12', '19D', 0);
INSERT INTO RESERVATION VALUES('CST00013', 'FN00001', 'LEG1', '2021-03-12', '26A', 0);
INSERT INTO RESERVATION VALUES('CST00014', 'FN00001', 'LEG1', '2021-03-12', '19B', 0);
INSERT INTO RESERVATION VALUES('CST00015', 'FN00001', 'LEG1', '2021-03-12', '17C', 0);
INSERT INTO RESERVATION VALUES('CST00016', 'FN00001', 'LEG1', '2021-03-12', '28F', 0);
INSERT INTO RESERVATION VALUES('CST00017', 'FN00001', 'LEG1', '2021-03-12', '32E', 0);
INSERT INTO RESERVATION VALUES('CST00018', 'FN00001', 'LEG1', '2021-03-12', '31A', 0);
INSERT INTO RESERVATION VALUES('CST00019', 'FN00001', 'LEG1', '2021-03-12', '40B', 0);
INSERT INTO RESERVATION VALUES('CST00020', 'FN00001', 'LEG1', '2021-03-12', '34C', 0);
INSERT INTO RESERVATION VALUES('CST00021', 'FN00001', 'LEG1', '2021-03-12', '37D', 0);
INSERT INTO RESERVATION VALUES('CST00022', 'FN00001', 'LEG1', '2021-03-12', '22A', 0);
INSERT INTO RESERVATION VALUES('CST00023', 'FN00001', 'LEG1', '2021-03-12', '18F', 0);

INSERT INTO RESERVATION VALUES('CST00001', 'FN00002', 'LEG1', '2021-04-01', '32F', 0);
INSERT INTO RESERVATION VALUES('CST00002', 'FN00002', 'LEG1', '2021-04-01', '10A', 0);
INSERT INTO RESERVATION VALUES('CST00003', 'FN00002', 'LEG1', '2021-04-01', '13E', 0);
INSERT INTO RESERVATION VALUES('CST00004', 'FN00002', 'LEG1', '2021-04-01', '15A', 0);
INSERT INTO RESERVATION VALUES('CST00005', 'FN00002', 'LEG1', '2021-04-01', '27D', 0);
INSERT INTO RESERVATION VALUES('CST00006', 'FN00002', 'LEG1', '2021-04-01', '18B', 0);
INSERT INTO RESERVATION VALUES('CST00007', 'FN00002', 'LEG1', '2021-04-01', '11F', 0);
INSERT INTO RESERVATION VALUES('CST00008', 'FN00002', 'LEG1', '2021-04-01', '21D', 0);
INSERT INTO RESERVATION VALUES('CST00009', 'FN00002', 'LEG1', '2021-04-01', '29A', 0);
INSERT INTO RESERVATION VALUES('CST00010', 'FN00002', 'LEG1', '2021-04-01', '35B', 0);
INSERT INTO RESERVATION VALUES('CST00011', 'FN00002', 'LEG1', '2021-04-01', '24C', 0);
INSERT INTO RESERVATION VALUES('CST00012', 'FN00002', 'LEG1', '2021-04-01', '15D', 0);

INSERT INTO RESERVATION VALUES('CST00013', 'FN00003', 'LEG1', '2021-04-24', '26F', 0);
INSERT INTO RESERVATION VALUES('CST00014', 'FN00003', 'LEG1', '2021-04-24', '19C', 0);
INSERT INTO RESERVATION VALUES('CST00015', 'FN00003', 'LEG1', '2021-04-24', '17A', 0);
INSERT INTO RESERVATION VALUES('CST00016', 'FN00003', 'LEG1', '2021-04-24', '28D', 0);
INSERT INTO RESERVATION VALUES('CST00017', 'FN00003', 'LEG1', '2021-04-24', '32F', 0);
INSERT INTO RESERVATION VALUES('CST00018', 'FN00003', 'LEG1', '2021-04-24', '31B', 0);
INSERT INTO RESERVATION VALUES('CST00019', 'FN00003', 'LEG1', '2021-04-24', '40A', 0);
INSERT INTO RESERVATION VALUES('CST00020', 'FN00003', 'LEG1', '2021-04-24', '34B', 0);
INSERT INTO RESERVATION VALUES('CST00021', 'FN00003', 'LEG1', '2021-04-24', '37C', 0);
INSERT INTO RESERVATION VALUES('CST00022', 'FN00003', 'LEG1', '2021-04-24', '22D', 0);
INSERT INTO RESERVATION VALUES('CST00023', 'FN00003', 'LEG1', '2021-04-24', '18B', 0);
 